<?xml version="1.0" encoding="utf-8"?>
<install version="1.5" type="plugin" group="authentication" method="upgrade">
	<name>Authentication - JFusion</name>
	<author>JFusion Development Team</author>
	<creationDate>July 2008</creationDate>
	<author>JFusion Development Team</author>
	<authorEmail>webmaster@jfusion.org</authorEmail>
	<authorUrl>http://www.jfusion.org</authorUrl>
	<copyright>Copyright (C) 2008 JFusion. All rights reserved.</copyright>
	<license>http://www.gnu.org/licenses/gpl-2.0.html GNU/GPL</license>
	<version>1.8.4-009</version>
    <revision>c2e3d2b17eaff015d04d21e407d4b05dbcd78438</revision>
    <timestamp>1380886046</timestamp>
	<description>JFusions Authentication Plugin</description>

	<files>
		<filename plugin="jfusion">jfusion.php</filename>
	</files>
</install>